ID	data_repository	class	order	family	genus	species	authorship	verbatim_identification	taxon_name	taxon_rank	sampling_date	latitude	longitude	coord_precision	Altitude	LocalityName	site_comments	habitat	access_points	country	MeasurementOrFact	SourceType	Rights	Input.into.DB.-.name
1059	GBIF	Ostracoda	Podocopida	Entocytheridae	Sphaeromicola	stammeri	Klie, 1930	Sphaeromicola stammeri Klie, 1930	Sphaeromicola stammeri Klie, 1930	SPECIES		42,781285	17,870505			the cave of “Vjetrenica pecina. a Zavala. Popovopolje”	About 25 km NW of Dubrovnik	Aquatic, Freshwater, Subsurface, Aquifer, Karst	Cave	Bosnia and Herzegovina	stygobiont	OCCURRENCE		
1060	GBIF	Ostracoda	Podocopida	Entocytheridae	Sphaeromicola	stammeri	Klie, 1930	Sphaeromicola stammeri Klie, 1930	Sphaeromicola stammeri Klie, 1930	SPECIES		45,432986	11,515582			Caves of Monti Berici	about 10 km S of Vicenza	Aquatic, Freshwater, Subsurface, Aquifer, Karst	Cave	Italy	stygobiont	OCCURRENCE		
1061	GBIF	Ostracoda	Podocopida	Entocytheridae	Sphaeromicola	stammeri	Klie, 1930	Sphaeromicola stammeri Klie, 1930	Sphaeromicola stammeri Klie, 1930	SPECIES		45,724913	14,468608			Krizna jama (=Kreuzberghohle), near Loz		Aquatic, Freshwater, Subsurface, Aquifer, Karst	Cave	Slovenia	stygobiont	OCCURRENCE		
1062	GBIF	Ostracoda	Podocopida	Entocytheridae	Sphaeromicola	stammeri	Klie, 1930	Sphaeromicola stammeri Klie, 1930	Sphaeromicola stammeri Klie, 1930	SPECIES		45,830018	14,250702			Logarcek (=Graf Falkenhayn-Huhle) near Planina	N of Postojna	Aquatic, Freshwater, Subsurface, Aquifer, Karst	Cave	Slovenia	stygobiont	OCCURRENCE		
1063	GBIF	Ostracoda	Podocopida	Entocytheridae	Sphaeromicola	stammeri	Klie, 1930	Sphaeromicola stammeri Klie, 1930	Sphaeromicola stammeri Klie, 1930	SPECIES		45,839698	14,686856			Podpeska jama (=Podpec-Höhle) at Podpec	2 km de la gare de Dobre-Polje. between Ljubljana and Kocevje	Aquatic, Freshwater, Subsurface, Aquifer, Karst	Cave	Slovenia	stygobiont	OCCURRENCE		
1064	GBIF	Ostracoda	Podocopida	Entocytheridae	Sphaeromicola	topsenti	Paris, 1916	Sphaeromicola topsenti Paris, 1916	Sphaeromicola topsenti Paris, 1916	SPECIES		45,494427	0,499653			Grotte de Beaussac, Canton de Mareuile-sur-Belle	à 30 km S d'Yvrac-Malleyraut. about 35 km NW of Périgeux	Aquatic, Freshwater, Subsurface, Aquifer, Karst	Cave	France	stygobiont	OCCURRENCE		
1065	GBIF	Ostracoda	Podocopida	Entocytheridae	Sphaeromicola	topsenti	Paris, 1916	Sphaeromicola topsenti Paris, 1916	Sphaeromicola topsenti Paris, 1916	SPECIES		47,646341	6,280716			la résurgence de Veuvey à Calmoutier. 	canton de Noroyle-Bourg. en aval de l'orifice. dans de trous d¡eau di canon	Aquatic, Freshwater, Subsurface, Aquifer, Karst	Cave	France	stygobiont	OCCURRENCE		
1066	GBIF	Ostracoda	Podocopida	Entocytheridae	Sphaeromicola	topsenti	Paris, 1916	Sphaeromicola topsenti Paris, 1916	Sphaeromicola topsenti Paris, 1916	SPECIES		47,532627	5,563238			Rivière souterraine d'Oyrières. canton d'Autrey-les Gray		Aquatic, Freshwater, Subsurface, Aquifer, Karst	Cave	France	stygobiont	OCCURRENCE		
1067	GBIF	Ostracoda	Podocopida	Cyprididae	Psychrodromus	fontinalis	Wolf, 1920	Psychrodromus fontinalis (Wolf, 1919)	Psychrodromus fontinalis (Wolf, 1919)	SPECIES	21/06/2011	47,454399	10,9841		978	Spring near Eibseenwestufer		Aquatic, Freshwater, Subsurface	Spring	Germany	stygophile	PRESERVED_SPECIMEN	Dr. Renate Matzke-Karasz	Dr. Renate Matzke-Karasz
1068	GBIF	Ostracoda	Podocopida	Candonidae	Fabaeformiscandona	breuili	Paris, 1920	Fabaeformiscandona breuili (Paris, 1920)	Fabaeformiscandona breuili (Paris, 1920)	SPECIES		44,651944	10,083333			Fonte Lupo - Rio Lusore		Aquatic, Freshwater, Subsurface, Aquifer	Spring	Italy	stygobiont	OCCURRENCE	Rossetti, G., K. Martens, C. Meisch, S. Tavernelli & V. Pieri	
1069	GBIF	Ostracoda	Podocopida	Darwinulidae	Vestalenula	boteai	Danielopol, 1970	Darwinula boteai Danielopol, 1970	Vestalenula boteai (Danielopol, 1970)	SPECIES	22/10/1968	44,72515	22,39886	<10km		Orsova		Aquatic, Freshwater, Subsurface, Aquifer		Romania	stygobiont	PRESERVED_SPECIMEN	G Botea	G Botea
1070	GBIF	Ostracoda	Podocopida	Entocytheridae	Sphaeromicola	cebennica	Remy, 1948	Sphaeromicola cebennica Remy, 1948	Sphaeromicola cebennica Remy, 1948	SPECIES	20/12/1946	44,35549	4,44714			Lac de la grotte de la Dragonière		Aquatic, Freshwater, Subsurface, Aquifer, Karst	Cave	France	stygobiont	HUMAN_OBSERVATION	BALZUC Jean (Indépendant)	BALZUC Jean (Indépendant)
1071	GBIF	Ostracoda	Podocopida	Candonidae	Typhlocypris	marmonieri	Namiotko & Danielopol, 2004	Pseudocandona marmonieri Namiotko & Danielopol, 2004	Typhlocypris marmonieri (Namiotko & Danielopol, 2004)	SPECIES	01/01/1984	44,0835	1,72233					Aquatic, Freshwater, Subsurface, Aquifer		France	stygobiont	HUMAN_OBSERVATION	BOU C.	BOU C.
1072	GBIF	Ostracoda	Podocopida	Cyprididae	Cavernocypris	subterranea	Wolf, 1920	Cavernocypris subterranea (Wolf, 1920)	Cavernocypris subterranea (Wolf, 1920)	SPECIES	04/08/2010	44,22131	6,68411		1943	Infiltres		Aquatic, Freshwater, Subsurface		France	stygophile	HUMAN_OBSERVATION	DERRIEN M. CAILLOT G (PNM)	DERRIEN M. CAILLOT G (PNM)
1073	GBIF	Ostracoda	Podocopida	Candonidae	Fabaeformiscandona	breuili	Paris, 1920	Fabaeformiscandona breuili (Paris, 1920)	Fabaeformiscandona breuili (Paris, 1920)	SPECIES	04/08/2010	44,22131	6,68411		1943	Infiltres		Aquatic, Freshwater, Subsurface, Aquifer		France	stygobiont	HUMAN_OBSERVATION	DERRIEN M. CAILLOT G (PNM)	DERRIEN M. CAILLOT G (PNM)
1074	GBIF	Ostracoda	Podocopida	Cyprididae	Cavernocypris	subterranea	Wolf, 1920	Cavernocypris subterranea (Wolf, 1920)	Cavernocypris subterranea (Wolf, 1920)	SPECIES	07/07/2009	43,97152	7,47518		817	Maglia		Aquatic, Freshwater, Subsurface		France	stygophile	HUMAN_OBSERVATION	MOLTO Jérôme (PNM)	MOLTO Jérôme (PNM)
1075	GBIF	Ostracoda	Podocopida	Cyprididae	Cavernocypris	subterranea	Wolf, 1920	Cavernocypris subterranea (Wolf, 1920)	Cavernocypris subterranea (Wolf, 1920)	SPECIES	31/08/2010	44,31569	6,69808		1825	Charbonniere  Fours St, Laurent		Aquatic, Freshwater, Subsurface		France	stygophile	HUMAN_OBSERVATION	DERRIEN M. CAILLOT G (PNM)	DERRIEN M. CAILLOT G (PNM)
1076	GBIF	Ostracoda	Podocopida	Candonidae	Fabaeformiscandona	breuili	Paris, 1920	Fabaeformiscandona breuili (Paris, 1920)	Fabaeformiscandona breuili (Paris, 1920)	SPECIES	23/07/2009	44,3199	6,88729		1649	Salso confluent		Aquatic, Freshwater, Subsurface, Aquifer		France	stygobiont	HUMAN_OBSERVATION	BAUDIN E. (PNM)	BAUDIN E. (PNM)
1077	GBIF	Ostracoda	Podocopida	Cyprididae	Cavernocypris	subterranea	Wolf, 1920	Cavernocypris subterranea (Wolf, 1920)	Cavernocypris subterranea (Wolf, 1920)	SPECIES	03/08/2010	44,25238	6,68826		1890	Pradelles		Aquatic, Freshwater, Subsurface		France	stygophile	HUMAN_OBSERVATION	DERRIEN M. CAILLOT G (PNM)	DERRIEN M. CAILLOT G (PNM)
1078	GBIF	Ostracoda	Podocopida	Cyprididae	Cavernocypris	subterranea	Wolf, 1920	Cavernocypris subterranea (Wolf, 1920)	Cavernocypris subterranea (Wolf, 1920)	SPECIES	13/08/2010	44,33114	6,80202		2500	Restefond		Aquatic, Freshwater, Subsurface		France	stygophile	HUMAN_OBSERVATION	DERRIEN M. CAILLOT G (PNM)	DERRIEN M. CAILLOT G (PNM)
1079	GBIF	Ostracoda	Podocopida	Candonidae	Fabaeformiscandona	breuili	Paris, 1920	Fabaeformiscandona breuili (Paris, 1920)	Fabaeformiscandona breuili (Paris, 1920)	SPECIES	06/09/2010	44,20225	6,6355		1300	Haut Verdon 3 aval pont la Chaumie		Aquatic, Freshwater, Subsurface, Aquifer		France	stygobiont	HUMAN_OBSERVATION	CAILLOT G., UMR 5023 (UMR 5023 - PNM)	CAILLOT G., UMR 5023 (UMR 5023 - PNM)
1080	GBIF	Ostracoda	Podocopida	Cyprididae	Cavernocypris	subterranea	Wolf, 1920	Cavernocypris subterranea (Wolf, 1920)	Cavernocypris subterranea (Wolf, 1920)	SPECIES	21/07/2010	44,07094	6,95615		1510	Tailler		Aquatic, Freshwater, Subsurface		France	stygophile	HUMAN_OBSERVATION	MOLTO Jérôme, PANNETON M. (PNM)	MOLTO Jérôme, PANNETON M. (PNM)
1081	GBIF	Ostracoda	Podocopida	Cyprididae	Cavernocypris	subterranea	Wolf, 1920	Cavernocypris subterranea (Wolf, 1920)	Cavernocypris subterranea (Wolf, 1920)	SPECIES	09/08/2010	44,31144	6,72042		1825	Saume		Aquatic, Freshwater, Subsurface		France	stygophile	HUMAN_OBSERVATION	DERRIEN M. CAILLOT G (PNM)	DERRIEN M. CAILLOT G (PNM)
1082	GBIF	Ostracoda	Podocopida	Cyprididae	Cavernocypris	subterranea	Wolf, 1920	Cavernocypris subterranea (Wolf, 1920)	Cavernocypris subterranea (Wolf, 1920)	SPECIES	02/08/2010	44,24948	6,71192		2273	Meouilles		Aquatic, Freshwater, Subsurface		France	stygophile	HUMAN_OBSERVATION	DERRIEN M. CAILLOT G (PNM)	DERRIEN M. CAILLOT G (PNM)
1083	GBIF	Ostracoda	Podocopida	Cyprididae	Cavernocypris	subterranea	Wolf, 1920	Cavernocypris subterranea (Wolf, 1920)	Cavernocypris subterranea (Wolf, 1920)	SPECIES	11/08/2010	44,37332	6,86939		2350	Amont Lauzanier		Aquatic, Freshwater, Subsurface		France	stygophile	HUMAN_OBSERVATION	DERRIEN M. CAILLOT G (PNM)	DERRIEN M. CAILLOT G (PNM)
1084	GBIF	Ostracoda	Podocopida	Candonidae	Fabaeformiscandona	breuili	Paris, 1920	Fabaeformiscandona breuili (Paris, 1920)	Fabaeformiscandona breuili (Paris, 1920)	SPECIES	16/04/2009	44,11874	7,08986		660	Pont de Paule		Aquatic, Freshwater, Subsurface, Aquifer		France	stygobiont	HUMAN_OBSERVATION	GOULET Frédéric (PNM)	GOULET Frédéric (PNM)
1085	GBIF	Ostracoda	Podocopida	Cyprididae	Cavernocypris	subterranea	Wolf, 1920	Cavernocypris subterranea (Wolf, 1920)	Cavernocypris subterranea (Wolf, 1920)	SPECIES	21/07/2010	44,25226	6,77112		2040	Sanguiniaire		Aquatic, Freshwater, Subsurface		France	stygophile	HUMAN_OBSERVATION	MOLTO Jérôme, PANNETON M. (PNM)	MOLTO Jérôme, PANNETON M. (PNM)
1086	GBIF	Ostracoda	Podocopida	Cyprididae	Cavernocypris	subterranea	Wolf, 1920	Cavernocypris subterranea (Wolf, 1920)	Cavernocypris subterranea (Wolf, 1920)	SPECIES	21/07/2010	44,19963	6,74391		1350	Var		Aquatic, Freshwater, Subsurface		France	stygophile	HUMAN_OBSERVATION	MOLTO Jérôme, PANNETON M. (PNM)	MOLTO Jérôme, PANNETON M. (PNM)
1087	GBIF	Ostracoda	Podocopida	Candonidae	Fabaeformiscandona	breuili	Paris, 1920	Fabaeformiscandona breuili (Paris, 1920)	Fabaeformiscandona breuili (Paris, 1920)	SPECIES	21/07/2010	44,19963	6,74391		1350	Var		Aquatic, Freshwater, Subsurface, Aquifer		France	stygobiont	HUMAN_OBSERVATION	MOLTO Jérôme, PANNETON M. (PNM)	MOLTO Jérôme, PANNETON M. (PNM)
1088	GBIF	Ostracoda	Podocopida	Darwinulidae	Vestalenula	boteai	Danielopol, 1970	Vestalenula boteai (Danielopol, 1970)	Vestalenula boteai (Danielopol, 1970)	SPECIES	21/09/1966	48,66667	19,5					Aquatic, Freshwater, Subsurface, Aquifer		Slovakia	stygobiont	PRESERVED_SPECIMEN	Royal Belgian Institute of Natural Sciences	
1089	GBIF	Ostracoda	Podocopida	Candonidae	Trajancandona	natura	Karanovic, 1999	Trajancandona natura Karanovic, 1999	Trajancandona natura Karanovic, 1999	SPECIES		42,387683	18,920974		668	Cetinjska Cave, Old Montenegro		Aquatic, Freshwater, Subsurface, Aquifer, Karst	Cave	Macedonia	stygobiont	OCCURRENCE	Macedonian Ecological Society	
1090	GBIF	Ostracoda	Podocopida	Entocytheridae	Sphaeromicola	cebennica juberthiei	Danielopol, 1977	Sphaeromicola cebennica juberthiei Danielopol, 1977	Sphaeromicola cebennica juberthiei Danielopol, 1977	SUBSPECIES	01/01/1960	43,85161	3,69646			Résurgence de l'Avencas		Aquatic, Freshwater, Subsurface, Aquifer, Karst	Spring	France	stygobiont	HUMAN_OBSERVATION		JUBERTHIE-JUPEAU Lysiane (CNRS)
1091	GBIF	Ostracoda	Podocopida	Candonidae	Fabaeformiscandona	breuili	Paris, 1920	Fabaeformiscandona breuili (Paris, 1920)	Fabaeformiscandona breuili (Paris, 1920)	SPECIES	01/07/1954	42,1228	-6,7545			Moncabril		Aquatic, Freshwater, Subsurface, Aquifer	Spring	Spain	stygobiont	LIVING_SPECIMEN		
1092	GBIF	Ostracoda	Podocopida	Candonidae	Fabaeformiscandona	breuili	Paris, 1920	Fabaeformiscandona breuili (Paris, 1920)	Fabaeformiscandona breuili (Paris, 1920)	SPECIES	20/04/1915	43,485833	-6,036944			Pravia Cueva San Roman de Candamo		Aquatic, Freshwater, Subsurface, Aquifer, Karst	Spring	Spain	stygobiont	LIVING_SPECIMEN		
