ID	datasetName	informationWithheld	TaxonID	class	order	family	genus	species	scientificNameAuthorship	verbatimIdentification	scientificName	taxonRank	Lineage	dateIdentified	identifiedBy	decimalLatitude	decimalLongitude	geodeticDatum	elevationInMeters	verticalDatum	locationID	locality	municipality	stateProvince	region	country	locationRemarks	habitat	MeasurementOrFact	references	basisOfRecord	rightsHolder	Input.into.DB.-.name
585	European Groundwater Crustacea Database	Marmonier Pierre	NA	Ostracoda	Podocopida	Candonidae	Mixtacandona	NA	Klie, 1938	Mixtacandona sp. Esp1, 1982	Mixtacandona Klie, 1938	GENUS	NA	1982	NA	NA	NA	NA	NA	NA	NA	Mallorca	Mallorca	NA	Balearic islands	Spain	Cave, spring, Hyporheic zone	NA	stygobiont	Gines, A. (1982) Inventario de especies Cavernicolas de las Islas Baleares. Endins, 9, 57-75	Literature: F. Malard	NA	Marmonier P.
1110	Revision of Recent and fossil Mixtacandona from Italy, with description of a new species	Ilaria Mazzini	NA	Ostracoda	Podocopida	Candonidae	Mixtacandona	talianae	Gliozzi & Mazzini, 1998	Mixtacandona talianae Gliozzi & Mazzini, 1998	Mixtacandona talianae Gliozzi & Mazzini, 1998	SPECIES	NA	1998	D. Taliana	NA	NA	NA	NA	NA	NA	Grotta del Lago	Triponzo	Umbria	central Italy	Italy	cave	Cave	stygobiont	Gliozzi, E., & Mazzini, I. (1998). Mixtacandona talianae n. sp. (Crustacea, Ostracoda) from the Holocene of Grotta del Lago (Umbria, Central Italy). Micropaleontology, 44(4), 441–446. https://doi.org/10.2307/1486044	Literature	NA	Živa Vehovar
1112	Romanian Ostracoda Database	Traian Brad	NA	Ostracoda	Podocopida	Candonidae	Cryptocandona	kieferi dobrogensis	Namiotko et al., 2005	Cryptocandona dobrogensis Namiotko, Marmonier & Danielopol, 2005	Cryptocandona kieferi dobrogensis Namiotko et al., 2005	SUBSPECIES	NA	NA	NA	NA	NA	NA	NA	NA	NA	Dobrogea	NA	NA	NA	Romania	NA	NA	stygobiont	NA	NA	NA	Živa Vehovar
1114	Romanian Ostracoda Database	Traian Brad	NA	Ostracoda	Podocopida	Candonidae	Cryptocandona	matris	Sywula, 1976	Cryptocandona matris (Sywula, 1976)	Cryptocandona matris (Sywula, 1976)	SPECIES	NA	NA	NA	NA	NA	NA	NA	NA	NA	NA	NA	NA	NA	Romania	NA	NA	stygobiont	NA	NA	NA	Živa Vehovar
1116	Romanian Ostracoda Database	Traian Brad	NA	Ostracoda	Podocopida	Candonidae	Cryptocandona	vavrai	Kaufmann, 1900	Cryptocandona vavrai Kaufmann, 1900	Cryptocandona vavrai Kaufmann, 1900	SPECIES	NA	NA	NA	NA	NA	NA	NA	NA	NA	NA	NA	NA	NA	Romania	NA	NA	stygophile	NA	NA	NA	Živa Vehovar
1118	Romanian Ostracoda Database	Traian Brad	NA	Ostracoda	Podocopida	Candonidae	Fabaeformiscandona	brisiaca	Klie, 1938	Fabaeformiscandona brisiaca (Klie, 1938)	Fabaeformiscandona brisiaca (Klie, 1938)	SPECIES	NA	NA	NA	NA	NA	NA	NA	NA	NA	NA	NA	NA	NA	Romania	NA	NA	stygobiont	NA	NA	NA	Živa Vehovar
1120	Romanian Ostracoda Database	Traian Brad	NA	Ostracoda	Podocopida	Candonidae	Mixtacandona	botosaneaui	Danielopol, 1973	Mixtacandona botosaneanui Danielopol, 1978	Mixtacandona botosaneanui Danielopol, 1973	SPECIES	NA	NA	NA	NA	NA	NA	NA	NA	2214/5	Zamonița Cave	NA	NA	NA	Romania	cave	Cave	stygobiont	NA	NA	NA	Živa Vehovar
1130	Romanian Ostracoda Database	Traian Brad	NA	Ostracoda	Podocopida	Candonidae	Typhlocypris	serbani	Danielopol, 1982	Typhlocypris serbani (Danielopol, 1982)	Typhlocypris serbani (Danielopol, 1982)	SPECIES	NA	NA	NA	NA	NA	NA	NA	NA	NA	NA	NA	NA	NA	Romania	NA	NA	stygobiont	NA	NA	NA	Živa Vehovar
1131	Romanian Ostracoda Database	Traian Brad	NA	Ostracoda	Podocopida	Candonidae	Typhlocypris	transylvanica	Iepure et al., 2007	Typhlocypris transylvanica Iepure, Namiotko & Danielopol, 2007	Typhlocypris transylvanica (Iepure et al., 2007)	SPECIES	NA	NA	NA	NA	NA	NA	NA	NA	NA	NA	NA	NA	NA	Romania	NA	NA	stygobiont	NA	NA	NA	Živa Vehovar
1132	Scotland Ostracoda	Lee Knight	NA	Ostracoda	Podocopida	Candonidae	NA	NA	Kaufmann, 1900	Candoninae	Candoninae Kaufmann, 1900	SUBFAMILY	NA	19.04.2018	NA	NA	NA	NA	NA	NA	NA	Lewis 4: Well at Ceann Tarabhaigh NB 2377 1729	Kintarvie-Ceann Tarabhaigh	Outher Hebrides	Scotland	United Kingdom	well	Well	stygobiont	NA	NA	Lee Knight	Živa Vehovar
1154	Slovenian Ostracoda Database	Mori Nataša	NA	Ostracoda	Podocopida	Cyprididae	Herpetocypris	reptans	G.W. Müller 1912	Eucypris reptans G.W. Müller 1912	Herpetocypris reptans (Baird, 1835)	SPECIES	NA	1964	NA	NA	NA	NA	NA	NA	NA	Ljubljana	Ljubljana	Ljubljana	NA	Slovenia	NA	NA	stygophile	Petkovski T. K. (1964): Bemerkenswerte Entomostraken aus Jugoslavien. Acta Musei Macedonici Scientiarum Naturalium 9(7): 147-182.	Literature	Mori Nataša	Mori Nataša
1157	Slovenian Ostracoda Database	Mori Nataša	NA	Ostracoda	Podocopida	Candonidae	Typhlocypris	cavicola	Klie, 1935	Pseudocandona cavicola Klie, 1935	Typhlocypris cavicola (Klie, 1935)	SPECIES	NA	2009	NA	NA	NA	NA	NA	NA	NA	območje S Krima in J in JZ dela Ljubljanskega barja	Ljubljansko barje	Ljubljana	NA	Slovenia	NA	NA	stygobiont	Dole-Olivier M. J., Castellarini F., Coineau N., Galassi D. M. P., Martin P., Mori N., Valdecasas A., Gibert J. (2009): Towards an optimal sampling strategy to assess groundwater biodiversity: comparison across six European regions. Freshwater Biology 54(4): 777-796.	Literature	Mori Nataša	Mori Nataša
1158	Slovenian Ostracoda Database	Mori Nataša	NA	Ostracoda	Podocopida	Limnocytheridae	Kovalevskiella	NA	Klein, 1963	Kovalevskiella bretschkoi	Kovalevskiella Klein, 1963	GENUS	NA	2009	NA	NA	NA	NA	NA	NA	NA	območje S Krima in J in JZ dela Ljubljanskega barja	Ljubljansko barje	Ljubljana	NA	Slovenia	NA	NA	stygobiont	Dole-Olivier M. J., Castellarini F., Coineau N., Galassi D. M. P., Martin P., Mori N., Valdecasas A., Gibert J. (2009): Towards an optimal sampling strategy to assess groundwater biodiversity: comparison across six European regions. Freshwater Biology 54(4): 777-796.	Literature	Mori Nataša	Mori Nataša
1162	Slovenian Ostracoda Database	Mori Nataša	NA	Ostracoda	Podocopida	Cyclocyprididae	Cypria	reptans	Bronstein, 1928	Cypria reptans Bronstein, 1928	Cypria reptans Bronstein, 1928	SPECIES	NA	2012	NA	NA	NA	NA	NA	NA	NA	alpska regija, dinarska regija	NA	NA	Slovenia	Slovenia	jame, bentos v izvirih, plitev intersticij	Cave	stygobiont	Mori, N. & C. Meisch, 2012. Contribution to the knowledge on the distribution of Recent free-living freshwater ostracods (Podocopida, Ostracoda, Crustacea) in Slovenia. Natura Sloveniae, Ljubljana 14(2): 6–23.	Literature	Mori Nataša	Mori Nataša
1163	Slovenian Ostracoda Database	Mori Nataša	NA	Ostracoda	Podocopida	Candonidae	Typhlocypris	cavicola	Klie, 1935	Pseudocandona pretneri Danielopol, 1978	Typhlocypris cavicola (Klie, 1935)	SPECIES	NA	2012	NA	NA	NA	NA	NA	NA	NA	dinarska regija	NA	NA	Dinaric Region	Slovenia	jame, bentos v izvirih, plitev intersticij	Cave	stygobiont	Mori, N. & C. Meisch, 2012. Contribution to the knowledge on the distribution of Recent free-living freshwater ostracods (Podocopida, Ostracoda, Crustacea) in Slovenia. Natura Sloveniae, Ljubljana 14(2): 6–23.	Literature	Mori Nataša	Mori Nataša
1164	Slovenian Ostracoda Database	Mori Nataša	NA	Ostracoda	Podocopida	Candonidae	Typhlocypris	trigonella	Klie, 1931	Pseudocandona trigonella (Klie, 1931)	Typhlocypris trigonella (Klie, 1931)	SPECIES	NA	2012	NA	NA	NA	NA	NA	NA	NA	dinarska regija	NA	NA	Dinaric Region	Slovenia	jame	Cave	stygobiont	Mori, N. & C. Meisch, 2012. Contribution to the knowledge on the distribution of Recent free-living freshwater ostracods (Podocopida, Ostracoda, Crustacea) in Slovenia. Natura Sloveniae, Ljubljana 14(2): 6–23.	Literature	Mori Nataša	Mori Nataša
1349	SubBioDB - Subterranean Biodiversity Database	Zagmajster Maja	1104	Ostracoda	Podocopida	Candonidae	Mixtacandona	transleithanica	Löffler, 1960	Candona transleithanica	Mixtacandona transleithanica (Loffler, 1960)	SPECIES	NA	1969	NA	NA	NA	NA	NA	NA	6170	Hvar otok	Hvar	NA	NA	Croatia	other	NA	stygobiont	Danielopol, D. L. (1969) Un Nouvel ostracode des eaux souterraines de l'ile de Hvar. (Note preliminare). Annales de speleologie, Centre national de la recherche scientifique, Laboratoire souterrain Moulis-Ariege tome 24	Literature	Maja Zagmajster	Maja Zagmajster
1361	SubBioDB - Subterranean Biodiversity Database	Zagmajster Maja	7536	Ostracoda	Podocopida	Candonidae	Cryptocandona	reducta	Alm, 1914	Cryptocandona reducta	Cryptocandona reducta (Alm, 1914)	SPECIES	NA	2022	NA	NA	NA	NA	NA	NA	6218	Slovenija	NA	NA	NA	Slovenia	other	NA	stygophile	Mori, N., & Šalamun, A. (2022). An updated checklist of the extant freshwater ostracods (Podocopida, Ostracoda, Crustacea) of Slovenia. Natura Sloveniae, 24(2), 5–18.	Literature	Maja Zagmajster	Maja Zagmajster
1366	SubBioDB - Subterranean Biodiversity Database	Zagmajster Maja	2469	Ostracoda	Podocopida	Cyclocyprididae	Cypria	cavernae	Wagenleitner, 1990	Cypria cavernae	Cypria cavernae Wagenleitner, 1990	SPECIES	NA	2022	NA	NA	NA	NA	NA	NA	6218	Slovenija	NA	NA	NA	Slovenia	other	NA	stygobiont	Mori, N., & Šalamun, A. (2022). An updated checklist of the extant freshwater ostracods (Podocopida, Ostracoda, Crustacea) of Slovenia. Natura Sloveniae, 24(2), 5–18.	Literature	Maja Zagmajster	Maja Zagmajster
1386	SubBioDB - Subterranean Biodiversity Database	Zagmajster Maja	493	Ostracoda	Podocopida	Candonidae	Fabaeformiscandona	aemonae	Klie, 1935	Fabaeformiscandona aemonae	Fabaeformiscandona aemonae (Klie, 1935)	SPECIES	NA	2022	NA	NA	NA	NA	NA	NA	6218	Slovenija	NA	NA	NA	Slovenia	other	NA	stygobiont	Mori, N., & Šalamun, A. (2022). An updated checklist of the extant freshwater ostracods (Podocopida, Ostracoda, Crustacea) of Slovenia. Natura Sloveniae, 24(2), 5–18.	Literature	Maja Zagmajster	Maja Zagmajster
1390	SubBioDB - Subterranean Biodiversity Database	Zagmajster Maja	6087	Ostracoda	Podocopida	Candonidae	Fabaeformiscandona	latens	Klie, 1940	Fabaeformiscandona latens	Fabaeformiscandona latens (Klie, 1940)	SPECIES	NA	2022	NA	NA	NA	NA	NA	NA	6218	Slovenija	NA	NA	NA	Slovenia	other	NA	stygobiont	Mori, N., & Šalamun, A. (2022). An updated checklist of the extant freshwater ostracods (Podocopida, Ostracoda, Crustacea) of Slovenia. Natura Sloveniae, 24(2), 5–18.	Literature	Maja Zagmajster	Maja Zagmajster
1394	SubBioDB - Subterranean Biodiversity Database	Zagmajster Maja	6081	Ostracoda	Podocopida	Candonidae	Mixtacandona	laisi	Klie, 1938	Mixtacandona laisi	Mixtacandona laisi Klie, 1938	SPECIES	NA	2022	NA	NA	NA	NA	NA	NA	6218	Slovenija	NA	NA	NA	Slovenia	other	NA	stygobiont	Mori, N., & Šalamun, A. (2022). An updated checklist of the extant freshwater ostracods (Podocopida, Ostracoda, Crustacea) of Slovenia. Natura Sloveniae, 24(2), 5–18.	Literature	Maja Zagmajster	Maja Zagmajster
1395	SubBioDB - Subterranean Biodiversity Database	Zagmajster Maja	6090	Ostracoda	Podocopida	Candonidae	Mixtacandona	lattingerae	Rogulj & Danielopol, 1993	Mixtacandona lattingerae	Mixtacandona lattingerae Rogulj & Danielopol, 1993	SPECIES	NA	2022	NA	NA	NA	NA	NA	NA	6218	Slovenija	NA	NA	NA	Slovenia	other	NA	stygobiont	Mori, N., & Šalamun, A. (2022). An updated checklist of the extant freshwater ostracods (Podocopida, Ostracoda, Crustacea) of Slovenia. Natura Sloveniae, 24(2), 5–18.	Literature	Maja Zagmajster	Maja Zagmajster
1418	SubBioDB - Subterranean Biodiversity Database	Zagmajster Maja	950	Ostracoda	Podocopida	Cyprididae	Psychrodromus	fontinalis	Wolf, 1920	Psychrodromus fontinalis	Psychrodromus fontinalis (Wolf, 1919)	SPECIES	NA	2022	NA	NA	NA	NA	NA	NA	6218	Slovenija	NA	NA	NA	Slovenia	other	NA	stygophile	Mori, N., & Šalamun, A. (2022). An updated checklist of the extant freshwater ostracods (Podocopida, Ostracoda, Crustacea) of Slovenia. Natura Sloveniae, 24(2), 5–18.	Literature	Maja Zagmajster	Maja Zagmajster
1428	SubBioDB - Subterranean Biodiversity Database	Zagmajster Maja	3137	Ostracoda	Podocopida	Entocytheridae	Sphaeromicola	stammeri	Klie, 1930	Sphaeromicola stammeri	Sphaeromicola stammeri Klie, 1930	SPECIES	NA	1976	NA	NA	NA	NA	NA	NA	6218	Slovenija	NA	NA	NA	Slovenia	other	NA	stygobiont	Gueorguiev, V.B. (1976) Recherches sur la taxonomie, la classification et la phylogenie des Bathysciinae (Coleoptera: Catopidae). SAZU razprave, razred IV, XIX/4: 1-59.	Literature	Maja Zagmajster	Maja Zagmajster
1448	Weitere Ostracoden aus dem Grundwasser von Belgien	Walter Klie	NA	Ostracoda	Podocopida	Candonidae	Schellencandona	triquetra	Klie, 1936	Candona triquetra, Klie	Schellencandona triquetra (Klie, 1936)	SPECIES	NA	1937	NA	NA	NA	NA	NA	NA	NA	C1, Waha	Marche-en-Famenne	Luxembourg	NA	Belgium	well	Well	stygobiont	Klie, W. (1937). Weitere Ostracoden aus dem Grundwasser von Belgien. Goemaere, Imprimeur du Roi, Bruxelles. https://biblio.naturalsciences.be/rbins-publications/bulletin-of-the-royal-belgian-natural-history-museum/13-1937/irscnb_p4087_00f27dp_13_bulletin-4-red.pdf	Literature	NA	Živa Vehovar
1449	Weitere Ostracoden aus dem Grundwasser von Belgien	Walter Klie	NA	Ostracoda	Podocopida	Candonidae	Schellencandona	belgica	Klie, 1937	Candona belgica n. sp.	Schellencandona belgica (Klie, 1937)	SPECIES	NA	1937	NA	NA	NA	NA	NA	NA	NA	C1, Waha	Marche-en-Famenne	Luxembourg	NA	Belgium	well	Well	stygobiont	Klie, W. (1937). Weitere Ostracoden aus dem Grundwasser von Belgien. Goemaere, Imprimeur du Roi, Bruxelles. https://biblio.naturalsciences.be/rbins-publications/bulletin-of-the-royal-belgian-natural-history-museum/13-1937/irscnb_p4087_00f27dp_13_bulletin-4-red.pdf	Literature	NA	Živa Vehovar
